nombre,precio,descripcion,reviews,calificacion
iPad Mini Retina,537.99,"Wi-Fi + Cellular, 32GB, Silver",8,2
Asus VivoBook X441NA-GA190,295.99,"Asus VivoBook X441NA-GA190 Chocolate Black, 14"", Celeron N3450, 4GB, 128GB SSD, Endless OS, ENG kbd",14,3
Dell Inspiron 17 2in1 (7779) Silver,1124.2,"Dell Inspiron 17 2in1 (7779) Silver, 17.3"" FHD Touch, Core i5-7200U, 12GB, 1TB, GeForce GT940MX 2GB, Windows 10 Home",10,3
ThinkPad Yoga,1223.99,"12.5"" Touch, Core i5 4200U, 8GB, 500GB + 16GB SSD Cache, Windows",2,3
Prestigio SmartBook 133S Dark Grey,299.0,"Prestigio SmartBook 133S Dark Grey, 13.3"" FHD IPS, Celeron N3350 1.1GHz, 4GB, 32GB, Windows 10 Pro + Office 365 1 gadam",8,2
Asus ZenBook UX530UX-FY040T Blue,1239.2,"Asus ZenBook UX530UX-FY040T Blue, 15.6"" FHD, Core i7-7500U, 8GB, 512GB SSD, GeForce GTX950M 2GB, Windows 10 Home, Eng kbd",14,1
Dell Latitude 5280,1102.66,"Dell Latitude 5280, 12.5"" HD, Core i5-7300U, 8GB, 256GB SSD, Windows 10 Pro",8,1
ThinkPad T540p,1178.99,"15.6"", Core i5-4200M, 4GB, 500GB, Win7 Pro 64bit",2,1
IdeaTab A3500-H,148.99,"Blue, 7"" IPS, Quad-Core 1.3GHz, 8GB, 3G, Android 4.2",9,2
MSI GL62M 7REX,1199.0,"MSI GL62M 7REX, 15.6"" FHD, Core i7-7700HQ, 8GB, 1TB + 128GB SSD, GeForce GTX 1050 Ti 2GB, Windows 10 Home",7,1
Dell Latitude 5480,1238.37,"Dell Latitude 5480, 14"" FHD, Core i7-7600U, 8GB, 256GB SSD, Linux",0,2
Galaxy Note 10.1,587.99,"10.1"", 32GB, Black",6,2
Toshiba Portege X20W-D-10V Black/Blue,1366.32,"Toshiba Portege X20W-D-10V Black/Blue, 12.5"" FHD Touch, Core i7-7500U, 8GB, 512GB SSD, Windows 10 Pro",11,1
Dell Latitude 5480,1187.88,"Dell Latitude 5480, 14"" FHD, Core i5-7300U, 8GB, 256GB SSD, Windows 10 Pro",5,3
Dell Latitude 5480,1143.4,"Dell Latitude 5480, 14"" FHD, Core i5-7440HQ, 8GB, 256GB SSD, Windows 10 Pro",5,4
Hewlett Packard ProBook 640 G3,1326.83,"Hewlett Packard ProBook 640 G3, 14"" FHD, Core i7-7600U, 8GB, 256GB SSD, Windows 10 Pro",2,1
Prestigio SmartBook 133S Gold,299.0,"Prestigio SmartBook 133S Gold, 13.3"" FHD IPS, Celeron N3350 1.1GHz, 4GB, 32GB, Windows 10 Pro + Office 365 1 gadam",12,4
Asus MeMO Pad,102.99,"7"" screen, Android, 8GB",14,4
Aspire E1-510,306.99,"15.6"", Pentium N3520 2.16GHz, 4GB, 500GB, Linux",2,3
Galaxy Note,399.99,"10.1"", 3G, Android 4.0, Garnet Red",12,4
Acer Nitro 5 AN515-51,1140.62,"Acer Nitro 5 AN515-51, 15.6"" FHD IPS, Core i7-7700HQ, 8GB, 256GB SSD +1TB, GeForce GTX 1050 Ti 4GB, Windows 10 Home + Windows 10 Home",14,3
Acer Aspire 3 A315-21,393.88,"Acer Aspire 3 A315-21, 15.6"", AMD A4-9120. 4GB. 128GB SSD, Linux",9,3
MSI GS63 7RD Stealth,1179.0,"MSI GS63 7RD Stealth, 15.6"" FHD IPS, Core i7-7700HQ, 8GB, 256GB SSD, GeForce GTX 1050 2GB, DOS + Windows 10 Home",2,1
Acer Aspire 3 A315-51 Black,494.71,"Acer Aspire 3 A315-51 Black, 15.6"" FHD, Core i3-7100U, 4GB, 500GB + 128GB SSD, Windows 10 Home",2,4
Acer Nitro 5 AN515-51,809.0,"Acer Nitro 5 AN515-51, 15.6"" FHD IPS, Core i5-7300HQ, 8GB, 1TB, GeForce GTX 1050 2GB, Windows 10 Home",0,1
Pavilion,609.99,"15.6"", Core i5-4200U, 6GB, 750GB, Windows 8.1",4,1
Asus ROG STRIX GL553VD-DM256,799.0,"Asus ROG STRIX GL553VD-DM256, 15.6"" FHD, Core i5-7300HQ, 8GB, 1TB, GeForce GTX 1050 2GB, No OS",7,2
Asus VivoBook Max,399.0,"Asus VivoBook Max X541NA-GQ041 Black Chocolate, 15.6"" HD, Pentium N4200 1.1GHz, 4GB, 500GB, Windows 10 Home",4,1
Dell Latitude 5480,1110.14,"Dell Latitude 5480, 14"" FHD, Core i5-7300U, 8GB, 500GB, Linux + Windows 10 Home",4,3
Asus ROG STRIX GL553VD-DM256,899.0,"Asus ROG STRIX GL553VD-DM256, 15.6"" FHD, Core i5-7300HQ, 8GB, 1TB, GeForce GTX 1050 2GB, No OS + Windows 10 Home",7,1
Acer Aspire A515-51-5654,679.0,"Acer Aspire A515-51-5654, Black, 15.6"", FHD, Core i5-8250U, 8GB DDR4, 256GB SSD, Windows 10 Home, ENG",9,2
ThinkPad X230,1244.99,"12.5"", Core i5 2.6GHz, 8GB, 180GB SSD, Win7 Pro 64bit",10,3
Sony Xperia,118.99,"GPS, waterproof",6,1
Nokia X,109.99,"Andoid, Jolla dualboot",4,4
Acer Aspire 7 A715-71G,1123.87,"Acer Aspire 7 A715-71G, 15.6"" FHD IPS, Core i7-7700HQ, 8GB, 128GB SSD + 1TB HDD, GTX 1050 Ti 4GB, Windows 10 Home",4,2
Inspiron 15,745.99,"Moon Silver, 15.6"", Core i7-4510U, 8GB, 1TB, Radeon HD R7 M265 2GB,",12,3
MSI GL72M 7RDX,1099.0,"Asus ROG Strix GL553VD-DM535T, 15.6"" FHD, Core i7-7700HQ, 8GB, 1TB + 128GB SSD, GeForce GTX 1050 2GB, Windows 10 Home, Eng kbd",9,1
Acer Aspire 3 A315-31 Black,372.7,"Acer Aspire 3 A315-31 Black, 15.6"" HD, Celeron N3350 1.1GHz, 4GB, 128GB SSD, Windows 10 Home",2,2
Acer Aspire A315-51-33TG,457.38,"Acer Aspire A315-51-33TG, Black 15.6"" HD, Core i3-7100U, 4GB DDR4, 128GB SSD, Windows 10 Home, ENG",9,3
Aspire E1-572G,581.99,"15.6"", Core i5-4200U, 8GB, 1TB, Radeon R7 M265, Windows 8.1",2,1
Lenovo V110-15IAP,321.94,"Lenovo V110-15IAP, 15.6"" HD, Celeron N3350 1.1GHz, 4GB, 128GB SSD, Windows 10 Home",5,3
Asus ROG Strix GL702ZC-GC209T,1769.0,"Asus ROG Strix GL702ZC-GC209T, 17.3"" FHD IPS, Ryzen 7 1700, 16GB, 256GB SSD + 1TB HDD, Radeon RX 580 4GB, Windows 10 Home",8,1
Galaxy Tab 3,107.99,"7"", 8GB, Wi-Fi, Android 4.2, Yellow",14,2
"Apple MacBook Air 13""",1347.78,"Apple MacBook Air 13"", Intel Core i5 1.8GHz, 8GB, 256GB SSD, Intel HD 6000, RUS",11,2
Lenovo V110-15IKB,465.95,"Lenovo V110-15IKB, 15.6"" HD, Core i5-7200U, 4GB, 500GB, DOS",7,1
Memo Pad HD 7,101.99,"IPS, Dual-Core 1.2GHz, 8GB, Android 4.3",10,2
Dell Latitude 5480,1271.06,"Dell Latitude 5480, 14"" FHD, Core i7-7600U, 8GB, 1TB, GeForce GT930MX, Windows 10 Pro",13,1
